Indicador;Quantidade;Valor (R$)
Período;07/07/2026 a 04/10/2026;
Pacotes vendidos;3;1500,00
Pacotes vendidos: Fisioterapia;1;1500,00
Pacotes vendidos: Pilates;2;0,00
Pacotes vendidos sem valor cadastrado;2;
Pacotes cancelados;0;0,00
Reembolso sugerido dos cancelados;;0,00
Multas geradas;2;72,00
Multas pagas;0;0,00
Multas pendentes;0;0,00
Multas isentas;2;72,00
Sessões marcadas;20;
Sessões realizadas;5;
Faltas;2;
Sessões canceladas;2;
Sessões avulsas realizadas (preço de tabela, não é recebimento);5;1250,00
Pacientes atendidos;3;
Pacientes novos;9;
